raMean,decMean,rMeanPSFMag,rMeanPSFMagErr,iMeanPSFMag,iMeanPSFMagErr,zMeanPSFMag,zMeanPSFMagErr
357.52959087,-30.80640921,19.317899703979492,0.018830999732017517,19.2189998626709,0.009140999987721443,19.137500762939453,0.0142639996483922
357.5228315,-30.83025026,15.237700462341309,0.003662999952211976,15.093999862670898,0.0007580000092275441,15.086700439453125,0.0030620000325143337
357.52631619,-30.83260192,16.840599060058594,0.007230999879539013,16.243200302124023,0.0027600000612437725,15.961299896240234,0.01425699982792139
357.54407886,-30.83093288,17.56529998779297,0.007933000102639198,16.952299118041992,0.002300000051036477,16.63759994506836,0.001825000043027103
357.54662797,-30.81404895,21.203899383544922,0.015630999580025673,20.736400604248047,0.032919999212026596,20.307100296020508,0.05783599987626076
357.51914125,-30.82881711,16.824600219726562,0.001690999954007566,15.828900337219238,0.005251999944448471,15.393500328063965,0.0009619999909773469
357.19941362,-31.01261484,20.381900787353516,0.04055500030517578,19.12179946899414,0.01191600039601326,18.578500747680664,0.0035089999437332153
357.22819463,-31.02306411,21.328399658203125,0.05694999918341637,20.022600173950195,0.03628699854016304,19.354000091552734,0.04706500098109245
357.23295774,-31.02372804,20.574199676513672,0.12297499924898148,20.159400939941406,0.03800399973988533,20.210500717163086,0.008062000386416912
357.22499327,-31.02327521,21.431800842285156,0.19475600123405457,20.90329933166504,0.045889001339673996,20.618200302124023,0.03159800171852112
356.67983588,-31.09872316,20.2322998046875,0.11043299734592438,19.765199661254883,0.020251000300049782,19.215200424194336,0.00496299983933568
356.66749663,-31.10264913,20.85569953918457,0.13873699307441711,20.383699417114258,0.018131999298930168,20.125,0.1377660036087036
356.6740477,-31.09919844,21.235000610351562,0.19737400114536285,21.257299423217773,0.028540000319480896,20.075000762939453,0.19056099653244019
356.67972933,-31.08664606,21.02359962463379,0.06978300213813782,20.696800231933594,0.05666400119662285,20.48940086364746,0.14240799844264984
356.67607436,-31.08186613,19.58650016784668,0.07049199938774109,18.85650062561035,0.00612299982458353,18.57550048828125,0.019940000027418137
357.33278305,-30.83817765,21.097000122070312,0.011636000126600266,21.325300216674805,0.05796400085091591,20.833999633789062,0.17171399295330048
357.32939165,-30.83419639,21.178499221801758,0.10443700104951859,20.366600036621094,0.023507000878453255,19.99799919128418,0.12549400329589844
357.32984296,-30.83434154,21.514400482177734,0.1530109941959381,20.461999893188477,0.11321999877691269,19.64929962158203,0.12801800668239594
357.34495477,-30.8281329,21.62150001525879,0.07269600033760071,21.163999557495117,0.1230589970946312,20.730899810791016,0.09030599892139435
357.30285286,-30.81080102,18.790300369262695,0.012361999601125717,18.281200408935547,0.008710999973118305,18.03890037536621,0.011899000033736229
357.34565172,-30.80995941,15.95479965209961,0.0017890000017359853,15.822699546813965,0.0028540000785142183,15.7923002243042,0.0018729999428614974
357.33440908,-30.81529914,21.75320053100586,0.18141600489616394,20.854700088500977,0.06098400056362152,20.695499420166016,0.2861289978027344
357.06197327,-31.32551623,19.769899368286133,0.05337899923324585,19.96109962463379,0.03994499891996384,19.7632999420166,0.08061199635267258
357.05115442,-31.31670253,19.73310089111328,0.127579003572464,18.605600357055664,0.009988999925553799,18.000900268554688,0.012577000074088573
357.06461746,-31.2952491,20.676700592041016,0.09500899910926819,20.50480079650879,0.02808699943125248,20.520200729370117,0.1643960028886795
357.03310204,-30.51335193,21.10810089111328,0.08993300050497055,20.86870002746582,0.041127998381853104,21.048799514770508,0.19765299558639526
357.02805749,-30.5111231,21.35610008239746,0.15430499613285065,21.157800674438477,0.055792998522520065,20.930400848388672,0.05059399828314781
356.99455531,-30.5163595,16.79960060119629,0.0022670000325888395,15.551400184631348,0.007027999963611364,14.968500137329102,0.0026279999874532223
357.00735154,-30.51796368,20.355100631713867,0.0388760007917881,19.513500213623047,0.018252000212669373,19.123300552368164,0.009000999853014946
356.99819911,-30.51117558,20.50279998779297,0.02071399986743927,19.894800186157227,0.034901998937129974,19.79490089416504,0.04620400071144104
356.99846881,-30.5150654,20.11709976196289,0.05437599867582321,19.67770004272461,0.02247999981045723,19.57069969177246,0.03810900077223778
357.30867857,-30.4794262,21.7007999420166,0.16636300086975098,21.060699462890625,0.032276999205350876,20.49720001220703,0.11846800148487091
357.30544733,-30.47953933,21.635900497436523,0.15083500742912292,21.17770004272461,0.06128599867224693,20.846799850463867,0.06024499982595444
357.28261298,-30.48944689,20.881200790405273,0.004056999925523996,20.310400009155273,0.03546399995684624,20.454299926757812,0.048902999609708786
357.52427267,-31.2231304,19.838300704956055,0.03751799836754799,19.308300018310547,0.022081000730395317,19.15169906616211,0.08841799944639206
357.52376787,-31.2223697,18.744300842285156,0.11026299744844437,18.5935001373291,0.011943000368773937,18.56999969482422,0.0692640021443367
357.46736604,-31.19384383,15.580900192260742,0.00177800003439188,15.11620044708252,0.002182000083848834,14.922100067138672,0.005967000033706427
357.47300408,-31.18945523,19.296899795532227,0.03463999927043915,19.079200744628906,0.008670000359416008,18.982500076293945,0.02237500064074993
357.46146647,-31.18379809,20.609600067138672,0.1561949998140335,19.619800567626953,0.013124000281095505,19.095399856567383,0.04862400144338608
357.50505864,-31.18680895,19.687400817871094,0.03999000042676926,19.440900802612305,0.013935999944806099,19.38409996032715,0.05674700066447258
357.48700258,-31.1745742,21.177099227905273,0.060823000967502594,20.175100326538086,0.019943000748753548,19.721599578857422,0.10330899804830551
357.42851357,-31.1645131,20.778099060058594,0.08820600062608719,20.771499633789062,0.030567999929189682,20.511999130249023,0.06730200350284576
357.43982517,-31.17588363,20.439899444580078,0.1721320003271103,20.496299743652344,0.030722999945282936,20.547500610351562,0.03748900070786476
357.45440011,-31.17401758,16.74519920349121,0.0007580000092275441,16.135400772094727,0.003361999988555908,15.885199546813965,0.00950700044631958
357.22933339,-31.12760171,20.804399490356445,0.011257999576628208,20.395000457763672,0.05279399827122688,19.94059944152832,0.0010610000463202596
357.23769433,-31.11555587,21.008100509643555,0.02806200087070465,20.797000885009766,0.03269999846816063,20.788299560546875,0.22958000004291534
357.22048715,-31.120458,19.438100814819336,0.012895000167191029,18.37689971923828,0.008022000081837177,17.917299270629883,0.015348999761044979
357.22560939,-31.12641215,21.023500442504883,0.09856600314378738,20.539600372314453,0.0389459989964962,20.431400299072266,0.07440699636936188
357.22454859,-31.12571042,20.15760040283203,0.24993200600147247,19.956899642944336,0.017470000311732292,19.715700149536133,0.026569999754428864
357.2349773,-31.09851196,20.278200149536133,0.09626399725675583,19.870899200439453,0.019858000800013542,19.59950065612793,0.005497999954968691
357.22299393,-31.10255315,20.346200942993164,0.043852999806404114,19.923900604248047,0.01447600033134222,19.79439926147461,0.060201000422239304
357.22330981,-31.09938285,20.89389991760254,0.1511549949645996,20.657499313354492,0.04540200158953667,20.636499404907227,0.03849299997091293
357.22205,-31.09765838,19.85260009765625,0.03607200086116791,18.582199096679688,0.008460000157356262,17.99880027770996,0.012431000359356403
357.22687847,-31.10171457,21.638999938964844,0.16828599572181702,21.284400939941406,0.022443000227212906,20.693899154663086,0.1686590015888214
356.61136507,-31.04184252,21.561199188232422,0.1581670045852661,20.152299880981445,0.02465599961578846,19.39459991455078,0.012993999756872654
356.60570581,-31.05434701,16.88360023498535,0.024421999230980873,16.666799545288086,0.0036639999598264694,16.640300750732422,0.0019660000689327717
357.39530116,-30.65589259,20.303199768066406,0.04264700040221214,19.5039005279541,0.016753999516367912,19.098400115966797,0.0210999995470047
357.40373769,-30.66543142,21.400999069213867,0.07390499860048294,21.060800552368164,0.055100999772548676,20.79129981994629,0.16916599869728088
357.4124738,-30.66412649,21.543500900268555,0.0919170007109642,20.96780014038086,0.02754499949514866,20.484100341796875,0.031890999525785446
357.40918194,-30.66372458,21.524999618530273,0.15193499624729156,20.606300354003906,0.06644699722528458,20.183799743652344,0.08924700319766998
357.40830126,-30.66396997,21.31290054321289,0.07417400181293488,20.623699188232422,0.03696199879050255,20.31410026550293,0.049049001187086105
357.32426364,-30.83310901,21.277299880981445,0.24062299728393555,20.786699295043945,0.06856200098991394,20.558500289916992,0.07054600119590759
357.32919811,-30.82479467,20.969100952148438,0.1584790050983429,20.16010093688965,0.03630499914288521,20.0625,0.04057300090789795
357.3335024,-30.82740435,20.917499542236328,0.09685800224542618,20.67460060119629,0.04043300077319145,20.38279914855957,0.05571100115776062
357.33132381,-30.82677994,21.504600524902344,0.03094800002872944,20.81559944152832,0.09169399738311768,20.932899475097656,0.16037899255752563
356.90985969,-30.87962458,21.207500457763672,0.050220999866724014,20.55270004272461,0.04449800029397011,20.437700271606445,0.019713999703526497
357.02774736,-31.32293704,20.05900001525879,0.06933999806642532,19.557899475097656,0.019951999187469482,19.2283992767334,0.04699699953198433
356.74316155,-31.01682295,20.79450035095215,0.10774999856948853,20.530500411987305,0.05688900128006935,20.0841007232666,0.06461899727582932
356.97577539,-30.48414928,21.167299270629883,0.17742200195789337,20.86440086364746,0.03544500097632408,20.888099670410156,0.05813699960708618
356.95954492,-30.47412396,19.865299224853516,0.0019120000069960952,19.222900390625,0.01978899911046028,19.079200744628906,0.031170999631285667
356.96510352,-30.48390731,20.901599884033203,0.09108000248670578,20.510700225830078,0.03143199905753136,20.642900466918945,0.052205998450517654
356.96364603,-30.48452615,21.321300506591797,0.008205000311136246,20.896900177001953,0.08103100210428238,20.72599983215332,0.1127920001745224
357.03253924,-30.53268512,21.575899124145508,0.03415299952030182,20.8882999420166,0.029666999354958534,20.60460090637207,0.0562409982085228
357.0207428,-30.53509571,18.046600341796875,0.006527000106871128,17.314899444580078,0.005735999904572964,17.016599655151367,0.006984999869018793
357.02757021,-30.50466902,21.49970054626465,0.21838900446891785,21.06209945678711,0.047979000955820084,20.76420021057129,0.07123299688100815
357.03110146,-30.50564311,21.424400329589844,0.15010599792003632,21.335899353027344,0.15376999974250793,20.536800384521484,0.1709430068731308
357.23601628,-30.63122811,20.54439926147461,0.2580679953098297,20.429100036621094,0.07277300208806992,20.136600494384766,0.026635000482201576
357.22950629,-30.62717913,20.268600463867188,0.0,20.507999420166016,0.05222700163722038,20.57270050048828,0.0668720006942749
357.3248762,-30.49140981,20.98780059814453,0.09186200052499771,20.388599395751953,0.047276999801397324,20.13789939880371,0.06872200220823288
357.32294501,-30.49189394,20.23240089416504,0.0847340002655983,20.65839958190918,0.023744000121951103,20.50149917602539,0.03772599995136261
357.33258623,-30.50001893,21.052000045776367,0.11996100097894669,20.751699447631836,0.11016499996185303,20.021299362182617,0.1912190020084381
357.33215611,-30.50029133,21.095800399780273,0.021042000502347946,20.635400772094727,0.028364000841975212,20.559499740600586,0.009855999611318111
357.33175289,-30.4970992,21.887699127197266,0.3991900086402893,20.731000900268555,0.07186400145292282,20.690900802612305,0.1691100001335144
357.30019768,-30.49240974,21.569299697875977,0.01675800047814846,20.8302001953125,0.028602000325918198,20.686199188232422,0.0671909973025322
357.48770767,-31.20411157,20.295400619506836,0.08654800057411194,19.905399322509766,0.017077000811696053,19.785400390625,0.09090600162744522
357.49735136,-31.20457658,20.95009994506836,0.1110759973526001,20.695600509643555,0.08918599784374237,20.376699447631836,0.14690999686717987
356.93853363,-30.98151025,20.27790069580078,0.03654100000858307,19.796100616455078,0.025608999654650688,19.528099060058594,0.01069399993866682
357.38372236,-31.24184759,18.569299697875977,0.019929999485611916,17.559600830078125,0.004474000073969364,17.121999740600586,0.0033209999091923237
357.37090152,-31.24714246,19.84160041809082,0.07729800045490265,18.204700469970703,0.005177000071853399,17.450599670410156,0.0008750000270083547
357.39833906,-31.24949471,20.97100067138672,0.012590000405907631,20.56529998779297,0.030936000868678093,20.32550048828125,0.15641799569129944
357.39945045,-31.26681964,20.445600509643555,0.09407699853181839,20.959800720214844,0.04849199950695038,20.607099533081055,0.01681699976325035
357.38772573,-31.25371814,20.716899871826172,0.14778900146484375,20.748600006103516,0.04393700137734413,20.616100311279297,0.06765799969434738
357.36192694,-31.25323028,21.196199417114258,0.18785899877548218,20.524700164794922,0.03597399964928627,19.990999221801758,0.04740900173783302
357.39900155,-31.28700983,20.045299530029297,0.0,20.767499923706055,0.026562999933958054,20.17799949645996,0.12397100031375885
357.29433147,-31.06433526,20.82159996032715,0.07465700060129166,20.327899932861328,0.032979000359773636,20.059799194335938,0.15971800684928894
357.29078354,-31.07110094,19.97010040283203,0.04661700129508972,18.777799606323242,0.011363999918103218,18.26099967956543,0.08780500292778015
357.26802872,-31.10749039,20.6427001953125,0.03712699934840202,20.284400939941406,0.028201999142766,19.97170066833496,0.2538039982318878
356.62816507,-31.0823161,20.295299530029297,0.08750800043344498,20.20240020751953,0.027435999363660812,20.429899215698242,0.13169999420642853
356.62412411,-31.09414292,18.423200607299805,0.005332000087946653,17.61479949951172,0.005115999840199947,17.23819923400879,0.006941999774426222
357.43583256,-30.67131858,16.885700225830078,0.004422000143676996,16.804000854492188,0.004137000069022179,16.805299758911133,0.0023350000847131014
357.41831558,-30.65681539,21.4552001953125,0.159403994679451,21.321199417114258,0.11208000034093857,20.866199493408203,0.03990500047802925
357.42156911,-30.66025878,19.525699615478516,0.014433000236749649,19.411100387573242,0.01508300006389618,19.42329978942871,0.022210000082850456
357.42472287,-30.6642048,21.41950035095215,0.08602900058031082,20.969600677490234,0.04658599942922592,20.681800842285156,0.09305699914693832
357.42954957,-30.67109087,18.615999221801758,0.003531999886035919,18.104299545288086,0.028258999809622765,17.954500198364258,0.026677999645471573
357.42748479,-30.6520613,19.435699462890625,0.059018999338150024,19.37070083618164,0.00672199996188283,19.09000015258789,0.049059998244047165
357.20249517,-30.8209291,20.211700439453125,0.0030529999639838934,19.533899307250977,0.016181999817490578,19.408700942993164,0.037714000791311264
357.20448417,-30.82927704,21.757999420166016,0.17814399302005768,20.578699111938477,0.039246998727321625,19.9281005859375,0.04197400063276291
357.21793045,-30.82153424,19.91659927368164,0.041912999004125595,19.75629997253418,0.014562999829649925,19.61210060119629,0.014371000230312347
357.20768262,-30.8230443,20.97010040283203,0.06926199793815613,20.56220054626465,0.037925999611616135,20.524200439453125,0.0705450028181076
357.21333985,-30.81351367,21.832500457763672,0.19760599732398987,21.049100875854492,0.027667000889778137,21.0531005859375,0.20375899970531464
357.21063351,-30.81637723,20.69230079650879,0.0076430002227425575,21.046100616455078,0.0703900009393692,20.943500518798828,0.18205299973487854
356.84346302,-30.83785213,21.31369972229004,0.047885000705718994,20.653900146484375,0.04557399824261665,20.170299530029297,0.058180999010801315
356.91222238,-30.8960246,20.464599609375,0.0021699999924749136,20.025100708007812,0.030412999913096428,20.040800094604492,0.023818999528884888
356.95014184,-31.24775883,20.41349983215332,0.09426199644804001,19.9197998046875,0.01696299947798252,19.693899154663086,0.0455470010638237
356.94725255,-31.24668607,17.409299850463867,0.02223600074648857,16.48859977722168,0.002518000081181526,16.090599060058594,0.0023330000694841146
356.95219707,-31.22820578,16.23859977722168,0.002706000115722418,15.983699798583984,0.0015790000325068831,15.900400161743164,0.006194999907165766
356.73900257,-30.99139084,20.87299919128418,0.1482049971818924,20.57069969177246,0.058765001595020294,20.271099090576172,0.0758190006017685
356.74270866,-30.99322254,20.295900344848633,0.066430002450943,20.215200424194336,0.020817000418901443,20.163000106811523,0.13262000679969788
357.14272863,-30.60944571,20.961999893188477,0.16365699470043182,20.411300659179688,0.03081599995493889,20.088600158691406,0.0681689977645874
357.14238385,-30.6080248,21.582500457763672,0.06674599647521973,20.432100296020508,0.00890900008380413,19.810100555419922,0.052632998675107956
357.21118269,-30.61840522,21.867300033569336,0.19257700443267822,20.622499465942383,0.09742700308561325,20.323999404907227,0.06450100243091583
357.20863959,-30.61874708,21.825700759887695,0.18549400568008423,20.757699966430664,0.07146400213241577,20.7362003326416,0.09711399674415588
357.20510878,-30.61923943,19.347900390625,0.02026900090277195,18.160600662231445,0.01017099991440773,17.65250015258789,0.00749799981713295
357.22113151,-30.61399532,20.896400451660156,0.03730800002813339,19.69379997253418,0.01882299967110157,19.23590087890625,0.013496000319719315
357.21330761,-30.62163733,21.811800003051758,0.18170399963855743,20.73509979248047,0.08105000108480453,20.73390007019043,0.04547499865293503
357.24886007,-30.63091624,21.66010093688965,0.16894899308681488,21.07360076904297,0.023818999528884888,20.88680076599121,0.1675270050764084
357.23829345,-30.63717941,21.2367000579834,0.09604299813508987,20.58209991455078,0.056915998458862305,20.389999389648438,0.05328400060534477
357.19164723,-31.3818241,15.142800331115723,0.002208000048995018,13.910699844360352,0.003882999997586012,13.581399917602539,0.00145800004247576
357.66213175,-31.04030703,16.35700035095215,0.007899999618530273,15.072199821472168,0.0025889999233186245,14.487299919128418,0.004023000132292509
357.67369701,-31.04622937,18.477800369262695,0.008611000142991543,17.368999481201172,0.0071680000983178616,16.88960075378418,0.005785000044852495
357.63818435,-31.05070492,20.947799682617188,0.2313919961452484,20.756900787353516,0.06688100099563599,20.84469985961914,0.06784199923276901
357.63636222,-31.04627398,21.432199478149414,0.08486100286245346,21.15180015563965,0.05481399968266487,20.84709930419922,0.1946129947900772
357.64195908,-31.04741964,20.93630027770996,0.09427099674940109,20.739700317382812,0.04845099896192551,20.663999557495117,0.04320700094103813
357.40954561,-31.2695816,21.206499099731445,0.1963990032672882,20.573299407958984,0.03942999988794327,20.444599151611328,0.11084800213575363
357.41846343,-31.28075471,19.995100021362305,0.06465400010347366,20.47010040283203,0.034595999866724014,20.19529914855957,0.20992499589920044
357.34616483,-31.21050551,20.389699935913086,0.05803399905562401,20.295700073242188,0.03120099939405918,20.129100799560547,0.04693000018596649
357.35672524,-31.22654069,20.423599243164062,0.04883100092411041,20.444900512695312,0.03602999821305275,20.163999557495117,0.08070199936628342
357.34954173,-31.2466295,19.665700912475586,0.03135500103235245,18.671499252319336,0.006353000178933144,18.236400604248047,0.01411100011318922
357.35352183,-31.24277601,19.311500549316406,0.007573000155389309,19.418699264526367,0.016522999852895737,19.454500198364258,0.08317799866199493
357.38426678,-31.24693808,20.88610076904297,0.2508139908313751,21.043500900268555,0.03765000030398369,20.71430015563965,0.17507199943065643
357.3844919,-31.2445209,21.52989959716797,0.15862800180912018,20.832300186157227,0.043508000671863556,20.41659927368164,0.19092200696468353
357.31791012,-31.04489424,20.48069953918457,0.33180201053619385,20.908100128173828,0.10150600224733353,20.115800857543945,0.031888000667095184
357.34255889,-31.06133751,20.02549934387207,0.3119800090789795,20.312299728393555,0.03022100031375885,19.573999404907227,0.08856099843978882
357.32540675,-31.04868039,19.444499969482422,0.03340400010347366,18.72480010986328,0.005803000181913376,18.33169937133789,0.02443300001323223
357.24827646,-31.0492902,14.573200225830078,0.0045830002054572105,14.468199729919434,0.0019049999536946416,14.483400344848633,0.005154000129550695
357.26596104,-31.05929355,21.540800094604492,0.17890900373458862,21.153799057006836,0.05813099816441536,20.69339942932129,0.15760500729084015
357.25906258,-31.05867468,21.4512996673584,0.14852899312973022,21.07069969177246,0.05586199834942818,20.7810001373291,0.17161400616168976
357.26588008,-31.04903766,19.511600494384766,0.02501400001347065,19.451400756835938,0.017361000180244446,19.531600952148438,0.034890998154878616
357.23388698,-30.82577529,16.730199813842773,0.0070859999395906925,16.61639976501465,0.0038030000869184732,16.61050033569336,0.006560999900102615
357.22069776,-30.81331448,21.707799911499023,0.17270299792289734,20.88629913330078,0.17888499796390533,20.564300537109375,0.05884300172328949
357.22106929,-30.81216616,21.72439956665039,0.18019600212574005,20.896099090576172,0.07393799722194672,20.485300064086914,0.03800699859857559
357.2287513,-30.82010034,21.265899658203125,0.09027799963951111,20.98259925842285,0.058171000331640244,20.79199981689453,0.056283000856637955
357.20397743,-30.80661461,20.7947998046875,0.06838899850845337,20.920400619506836,0.03216300159692764,20.88249969482422,0.007077000103890896
357.20114487,-30.80374644,21.76449966430664,0.18141500651836395,21.090700149536133,0.053293000906705856,20.79599952697754,0.15805600583553314
356.96072469,-31.23316466,21.22920036315918,0.04072999954223633,21.065500259399414,0.14075599610805511,20.7367000579834,0.1794690042734146
356.96774364,-31.23265978,20.93549919128418,0.07713600248098373,20.23110008239746,0.012312999926507473,19.86280059814453,0.07589299976825714
356.9684465,-31.23087851,19.479799270629883,0.02260800078511238,19.23940086364746,0.019977999851107597,18.630699157714844,0.030967000871896744
356.96326655,-31.25704268,20.6471004486084,0.10164999961853027,19.21500015258789,0.010239999741315842,18.534500122070312,0.04114700108766556
356.96015552,-31.25681994,19.690500259399414,0.0018889999482780695,19.638700485229492,0.02298099920153618,19.548900604248047,0.017952000722289085
356.96344732,-31.2410338,19.840200424194336,0.08232799917459488,19.39940071105957,0.010900000110268593,19.279300689697266,0.018629999831318855
356.96797792,-31.24733179,20.929100036621094,0.15525799989700317,20.643199920654297,0.031122999265789986,20.306699752807617,0.1062299981713295
356.98461285,-31.25378499,19.597900390625,0.023950999602675438,19.247900009155273,0.015531999990344048,19.098600387573242,0.037516999989748
356.98184939,-31.24752652,20.895099639892578,0.15035800635814667,19.65169906616211,0.013136000372469425,18.987899780273438,0.02500299923121929
356.98882778,-30.50810395,20.570899963378906,0.20069999992847443,20.64739990234375,0.07471899688243866,20.762699127197266,0.1666570007801056
356.99829389,-30.50127434,21.15410041809082,0.17395800352096558,21.30470085144043,0.03617500141263008,20.898000717163086,0.18730400502681732
356.99801077,-30.50546642,21.473899841308594,0.13631600141525269,21.22480010986328,0.17158299684524536,21.035499572753906,0.18571899831295013
356.98786891,-30.50331428,20.120500564575195,0.10143300145864487,19.640600204467773,0.030480999499559402,19.41010093688965,0.03457700088620186
356.98625215,-30.50231746,20.254499435424805,0.012387000024318695,19.745500564575195,0.010215999558568,19.60460090637207,0.032547999173402786
356.98755864,-30.48906914,17.125699996948242,0.003452999982982874,17.03700065612793,0.0042329998686909676,17.03529930114746,0.004563999827951193
357.00226475,-30.49826046,21.42620086669922,0.04596700146794319,20.907499313354492,0.03720400109887123,20.987699508666992,0.04418899863958359
357.00643507,-30.49977788,21.645000457763672,0.09203100204467773,20.980899810791016,0.08029799908399582,20.79640007019043,0.09610600024461746
356.99847678,-30.49144834,21.690399169921875,0.16556599736213684,21.252399444580078,0.03464899957180023,20.9601993560791,0.06184399873018265
357.00021748,-30.49251838,19.89539909362793,0.06732799857854843,19.537700653076172,0.018393000587821007,19.371299743652344,0.024385999888181686
357.13923879,-30.61632437,20.010900497436523,0.022307999432086945,19.57110023498535,0.017632000148296356,19.371999740600586,0.02298399992287159
357.15046109,-30.43729133,16.457500457763672,0.004220000002533197,16.141599655151367,0.00417400011792779,16.020599365234375,0.004188000224530697
357.46583764,-31.15629502,20.240400314331055,0.08348699659109116,20.11750030517578,0.02400599978864193,19.319499969482422,0.01948300004005432
357.68177728,-31.0437295,19.553699493408203,0.01660499908030033,18.824499130249023,0.012366999872028828,18.47640037536621,0.01432500034570694
357.67772013,-31.04067671,21.524499893188477,0.021727999672293663,20.94569969177246,0.057434000074863434,20.814199447631836,0.03021400049328804
357.65873,-31.04097829,21.197399139404297,0.0342629998922348,18.923099517822266,0.006587999872863293,17.820100784301758,0.0054270001128315926
357.42760374,-31.27135795,17.986099243164062,0.0,18.17959976196289,0.012703999876976013,18.11090087890625,0.04832400009036064
357.42926603,-31.28469572,17.55270004272461,0.07593999803066254,16.827199935913086,0.003218000056222081,16.524799346923828,0.003756999969482422
357.42772559,-31.27816536,18.911500930786133,0.0,19.140100479125977,0.02223699912428856,19.069900512695312,0.05464699864387512
357.40216009,-31.25201325,21.620100021362305,0.17293700575828552,20.944599151611328,0.05137199908494949,20.62809944152832,0.1612129956483841
357.42421229,-31.26586483,19.550199508666992,0.3974669873714447,19.923900604248047,0.015873000025749207,20.010400772094727,0.01752999983727932
357.41389027,-31.28077827,19.76930046081543,0.0,19.9685001373291,0.017659999430179596,19.645200729370117,0.043529998511075974
357.40439218,-31.27549843,19.170900344848633,0.0,19.236799240112305,0.006523000076413155,19.192399978637695,0.022773999720811844
357.33289168,-31.08855958,21.282400131225586,0.07557599991559982,20.57069969177246,0.041166000068187714,20.314199447631836,0.12948699295520782
357.34408251,-31.03906275,20.946199417114258,0.05216500163078308,20.813600540161133,0.05590600147843361,20.795400619506836,0.2032729983329773
357.34721893,-31.03867506,18.225400924682617,0.012489000335335732,16.89590072631836,0.003135999897494912,16.281600952148438,0.0005600000149570405
356.6514756,-31.1050152,20.639699935913086,0.033034998923540115,20.64859962463379,0.03514600172638893,20.569400787353516,0.1757490038871765
356.59866638,-31.05933302,19.747100830078125,0.05455600097775459,19.291500091552734,0.009487000294029713,19.138900756835938,0.0006619999767281115
356.5953937,-31.07950482,21.0851993560791,0.11416900157928467,20.436199188232422,0.03423700109124184,20.374300003051758,0.13192200660705566
356.606407,-31.06189474,19.03070068359375,0.02979299984872341,19.00550079345703,0.007393999956548214,19.058000564575195,0.026650000363588333
356.60710941,-31.06419297,19.885900497436523,0.061124999076128006,19.669300079345703,0.008608000352978706,19.713899612426758,0.029262999072670937
356.61645986,-31.06854858,19.71809959411621,0.0016139999497681856,19.164100646972656,0.009934999980032444,18.89150047302246,0.04155300185084343
356.61310048,-31.0778117,20.466100692749023,0.10210300236940384,19.787399291992188,0.01488099992275238,19.526500701904297,0.0037440001033246517
356.6110476,-31.07311458,20.481800079345703,0.10346700251102448,19.95199966430664,0.028536999598145485,19.69879913330078,0.015096999704837799
357.20532079,-30.79690703,21.4950008392334,0.06796000152826309,20.482500076293945,0.03416600078344345,19.898399353027344,0.052705999463796616
357.23589465,-30.8162994,20.978599548339844,0.15285399556159973,20.96579933166504,0.08929599821567535,20.746700286865234,0.15574699640274048
357.23588554,-30.81614504,21.31369972229004,0.1007549986243248,21.129199981689453,0.057659998536109924,20.925100326538086,0.16115200519561768
356.9250263,-31.23800462,20.993200302124023,0.011083000339567661,20.820600509643555,0.04409699887037277,20.57200050354004,0.07493600249290466
356.98906519,-31.24106108,18.477399826049805,0.01843699999153614,18.02829933166504,0.0076790000312030315,17.789600372314453,0.014643000438809395
357.02298223,-30.5045865,20.942399978637695,0.17579199373722076,21.140600204467773,0.0656369999051094,21.002399444580078,0.17027400434017181
357.02372956,-30.50109696,21.305700302124023,0.0889350026845932,21.048200607299805,0.04360099881887436,20.94809913635254,0.04763200134038925
357.01466013,-30.48852633,21.41790008544922,0.06121499836444855,20.384599685668945,0.030998999252915382,20.149099349975586,0.07755099982023239
357.01453135,-30.50489662,21.687999725341797,0.09502799808979034,21.054800033569336,0.008422000333666801,20.930500030517578,0.04841599985957146
356.98604834,-30.47062093,21.730199813842773,0.19319899380207062,20.53580093383789,0.04603299871087074,19.841400146484375,0.04797599837183952
357.00256054,-30.48406723,19.816200256347656,0.022007999941706657,19.74209976196289,0.014120000414550304,19.719499588012695,0.018331000581383705
357.10256303,-30.41333069,19.559799194335938,0.003019999945536256,18.88249969482422,0.005282999947667122,18.577999114990234,0.01515199989080429
357.11959817,-30.42324775,19.26759910583496,0.009743000380694866,18.616300582885742,0.005090000107884407,18.315200805664062,0.014627000316977501
357.11393487,-30.41899376,19.67530059814453,0.013729999773204327,19.54829978942871,0.010439000092446804,19.535999298095703,0.01920199953019619
357.11384897,-30.40898719,20.442100524902344,0.16601599752902985,20.8533992767334,0.045864999294281006,20.632400512695312,0.17347699403762817
357.12305772,-30.40664515,20.80900001525879,0.08132799714803696,20.377199172973633,0.042603999376297,20.29400062561035,0.02728700079023838
357.49378511,-31.13564582,21.133800506591797,0.17869800329208374,20.696199417114258,0.04463300108909607,20.59749984741211,0.013445000164210796
357.48562768,-31.12675731,20.63789939880371,0.06829199939966202,20.069299697875977,0.027535000815987587,19.826900482177734,0.04490400105714798
357.45570272,-31.17132535,17.637100219726562,0.008038000203669071,16.83989906311035,0.0026370000559836626,16.501800537109375,0.0054779998026788235
357.18402106,-30.99037528,19.27899932861328,0.017215000465512276,18.72319984436035,0.030580999329686165,18.48859977722168,0.02641800045967102
357.14073071,-31.07162548,20.874900817871094,0.0838719978928566,20.576799392700195,0.026944000273942947,20.194700241088867,0.12639300525188446
357.13665715,-31.07559849,16.555400848388672,0.007968000136315823,15.468600273132324,0.003585000056773424,15.016300201416016,0.007232999894768
357.14791407,-31.10316154,18.410499572753906,0.009711000137031078,17.35099983215332,0.0023719999007880688,16.877199172973633,0.006643999833613634
357.14215345,-31.10002421,18.933500289916992,0.01448999997228384,17.514299392700195,0.0035099999513477087,16.859399795532227,0.05455100163817406
357.27393284,-31.07548589,18.158300399780273,0.004503000061959028,17.102699279785156,0.0028909998945891857,16.641700744628906,0.00496299983933568
357.24704639,-31.07087181,19.960899353027344,0.03195200115442276,18.753299713134766,0.008969999849796295,18.21940040588379,0.01853800006210804
357.70367059,-30.83343297,20.950899124145508,0.04910200089216232,20.615699768066406,0.05215499922633171,20.639999389648438,0.10206300020217896
357.69559831,-30.82632975,17.04490089416504,0.00953300017863512,15.964099884033203,0.002472999971359968,15.483400344848633,0.009432000108063221
357.6925958,-30.85899126,21.0802001953125,0.025304999202489853,20.863000869750977,0.08824899792671204,20.438800811767578,0.2715829908847809
357.70083327,-30.85574823,21.469900131225586,0.03879600018262863,21.074100494384766,0.23728600144386292,20.944299697875977,0.1886020004749298
357.68934059,-30.8483852,20.949499130249023,0.08926299959421158,20.771900177001953,0.10215800255537033,20.728500366210938,0.023775000125169754
357.69694929,-30.84788692,21.458999633789062,0.005708000157028437,21.227500915527344,0.049786001443862915,20.590900421142578,0.03644999861717224
357.69844202,-30.84279218,16.936599731445312,0.005107999779284,16.66550064086914,0.0064050001092255116,16.56679916381836,0.0040790000930428505
356.71247031,-30.69825317,20.46929931640625,0.11204899847507477,20.103500366210938,0.025800999253988266,20.026199340820312,0.014825000427663326
356.73996901,-30.75820541,20.808300018310547,0.04457499831914902,19.43549919128418,0.012649999931454659,18.872100830078125,0.0018189999973401427
356.67800593,-31.13693801,20.145999908447266,0.008906000293791294,19.688499450683594,0.003333000000566244,19.57900047302246,0.012190000154078007
356.66705649,-31.12777868,21.015899658203125,0.013980000279843807,20.60449981689453,0.05290300026535988,20.41510009765625,0.03856400027871132
356.6296035,-31.13941913,17.575199127197266,0.0021200000774115324,17.458200454711914,0.004848000127822161,17.460500717163086,0.010672000236809254
356.62715522,-31.13601413,20.406099319458008,0.07032400369644165,20.59980010986328,0.03803899884223938,20.55430030822754,0.10988300293684006
356.6322981,-31.12487297,18.99880027770996,0.02585499919950962,18.842599868774414,0.009345999918878078,18.788299560546875,0.03454500064253807
356.63579313,-31.14268743,20.450300216674805,0.026352999731898308,20.40060043334961,0.02462100051343441,20.214099884033203,0.12737199664115906
357.35551365,-30.77944809,21.43600082397461,0.021463999524712563,20.692699432373047,0.054662998765707016,20.42840003967285,0.07196100056171417
357.35329837,-30.78159406,17.326000213623047,0.005431999918073416,16.638399124145508,0.03388499841094017,16.62969970703125,0.0427279993891716
357.35339606,-30.81010786,21.126399993896484,0.07667700201272964,20.286399841308594,0.11877399682998657,20.381000518798828,0.038704998791217804
357.35623179,-30.79989378,20.9335994720459,0.13611899316310883,20.558700561523438,0.03387799859046936,20.602800369262695,0.054097000509500504
356.58641943,-30.86773963,21.617599487304688,0.16591699421405792,20.719499588012695,0.1837559938430786,20.6466007232666,0.1284870058298111
356.60040396,-30.8777772,18.030899047851562,0.0,17.880699157714844,0.007216999772936106,17.874300003051758,0.00795000046491623
356.59726557,-30.87987269,19.706300735473633,0.009341999888420105,19.604299545288086,0.016189999878406525,19.61319923400879,0.03675200045108795
356.59211682,-30.90467189,20.134199142456055,0.1556060016155243,19.864099502563477,0.019930999726057053,19.556800842285156,0.21680399775505066
357.115486,-30.77791343,17.291900634765625,0.0027580000460147858,16.649900436401367,0.0031900000758469105,16.356399536132812,0.013150000013411045
357.12096232,-30.77584639,21.06329917907715,0.03593900054693222,20.43600082397461,0.028282999992370605,20.307899475097656,0.13312700390815735
357.11829216,-30.77762513,21.532499313354492,0.1624639928340912,20.665700912475586,0.05110099911689758,20.296300888061523,0.1377519965171814
357.11822143,-30.77631013,21.148399353027344,0.13307300209999084,20.680099487304688,0.16199399530887604,20.67889976501465,0.17489099502563477
357.1135024,-30.77082541,20.96739959716797,0.12166699767112732,20.36840057373047,0.036614999175071716,20.12420082092285,0.01058799959719181
357.13162644,-30.77305196,20.09670066833496,0.010540000163018703,19.60449981689453,0.014692000113427639,19.450300216674805,0.039409998804330826
357.13246078,-30.77519255,19.36039924621582,0.006674000062048435,18.8843994140625,0.019449999555945396,18.772899627685547,0.08682700246572495
357.12777503,-30.76957122,20.421199798583984,0.031244000419974327,19.660200119018555,0.023010000586509705,19.44099998474121,0.04048499837517738
357.35067379,-31.29312009,21.418100357055664,0.0057390001602470875,20.968799591064453,0.055059999227523804,20.267900466918945,0.19190099835395813
357.35851154,-31.29415077,18.75480079650879,0.11687099933624268,18.69179916381836,0.026079999282956123,18.6781005859375,0.05265900120139122
357.23359951,-31.00489106,21.265600204467773,0.10389400273561478,20.892099380493164,0.06815899908542633,20.458900451660156,0.12261199951171875
357.19602759,-30.98673754,17.962200164794922,0.006374000106006861,17.782699584960938,0.005938999820500612,17.69569969177246,0.006357000209391117
357.20126289,-30.9763366,20.527000427246094,0.375883013010025,20.140499114990234,0.01926499977707863,19.971200942993164,0.016882000491023064
357.20133877,-30.9789392,21.610300064086914,0.16175800561904907,21.328800201416016,0.14402900636196136,20.92169952392578,0.183460995554924
357.20083048,-30.97621134,20.992000579833984,0.027767999097704887,20.262300491333008,0.07900699973106384,20.03969955444336,0.08347000181674957
356.65492965,-31.04947072,17.457300186157227,0.002546000061556697,17.32029914855957,0.0029349999967962503,17.309200286865234,0.012701000086963177
356.64827563,-31.06130954,20.546199798583984,0.1258379966020584,20.00309944152832,0.01722799986600876,19.737899780273438,0.02189899981021881
356.67154264,-31.11089537,20.953899383544922,0.08561500161886215,20.759899139404297,0.0603020004928112,20.6476993560791,0.1664229929447174
357.17322353,-30.81873976,21.4158992767334,0.06960400193929672,21.05419921875,0.0388839989900589,20.563600540161133,0.17691299319267273
357.18034961,-30.8228274,20.467199325561523,0.03642600029706955,19.76959991455078,0.024376999586820602,19.57270050048828,0.04481299966573715
357.19119505,-30.80433793,21.105899810791016,0.032561998814344406,21.01930046081543,0.058462001383304596,20.64780044555664,0.06062199920415878
357.18768017,-30.81319752,21.232200622558594,0.08529900014400482,20.600500106811523,0.02152400091290474,20.169300079345703,0.026645999401807785
357.1775091,-30.81161069,16.29439926147461,0.0025790000800043344,16.115299224853516,0.0018090000376105309,16.079700469970703,0.0049390001222491264
357.17150231,-30.80616272,18.82270050048828,0.008558999747037888,18.384000778198242,0.010015999898314476,18.34670066833496,0.021415000781416893
356.91789758,-31.18940106,20.481800079345703,0.012663000263273716,20.47559928894043,0.02145100012421608,20.392200469970703,0.022422000765800476
356.9171276,-31.21770894,20.457799911499023,0.09937799721956253,20.556100845336914,0.04110899940133095,20.338899612426758,0.004807000048458576
356.91387185,-31.21375565,15.547599792480469,0.008105999790132046,15.146900177001953,0.001636000000871718,14.973099708557129,0.00021899999410379678
356.91641973,-31.20411916,20.07229995727539,0.06132800132036209,20.15180015563965,0.034575000405311584,20.14539909362793,0.08836500346660614
356.91913622,-31.20127158,21.723400115966797,0.17813299596309662,21.20680046081543,0.06098200008273125,20.627300262451172,0.18533599376678467
357.00256765,-30.479254,21.60449981689453,0.09341099858283997,21.247800827026367,0.0667250007390976,20.72450065612793,0.03735300153493881
357.00193493,-30.47645923,21.170900344848633,0.11841700226068497,20.653799057006836,0.03306899964809418,20.44179916381836,0.11102300137281418
357.00294455,-30.47713424,21.265199661254883,0.08571500331163406,20.631500244140625,0.03514999896287918,20.25149917602539,0.04233599826693535
357.00553339,-30.47723047,19.528900146484375,0.006568000186234713,19.1018009185791,0.021257000043988228,19.03190040588379,0.03458299860358238
357.00759097,-30.46947329,21.39150047302246,0.07288700342178345,21.042299270629883,0.03896300122141838,20.7091007232666,0.033263999968767166
357.00020922,-30.47407975,21.23040008544922,0.048291999846696854,20.67099952697754,0.04820600152015686,20.476999282836914,0.09271200001239777
356.99696503,-30.47332665,20.090499877929688,0.09265200048685074,19.555099487304688,0.013611000031232834,19.39069938659668,0.030407000333070755
357.00064178,-30.47230561,19.583900451660156,0.028418999165296555,18.66320037841797,0.03064100071787834,18.694499969482422,0.16219200193881989
357.51854812,-31.14895156,21.32550048828125,0.019821999594569206,20.45509910583496,0.04359100013971329,20.021400451660156,0.10002700239419937
357.51657789,-31.18558425,20.422500610351562,0.19969600439071655,19.87299919128418,0.01498000044375658,19.895299911499023,0.032193999737501144
357.53751191,-31.17453363,18.44420051574707,0.0036750000435858965,18.42620086669922,0.028226999565958977,18.427900314331055,0.017714999616146088
357.50597704,-30.82432728,19.78700065612793,0.03906700015068054,18.238000869750977,0.0033499998971819878,17.54199981689453,0.004304999951273203
357.50856242,-30.82128811,20.809499740600586,0.06204700097441673,20.252599716186523,0.057597000151872635,20.2898006439209,0.020155999809503555
357.48724663,-30.81237644,20.630800247192383,0.008860000409185886,20.572799682617188,0.043209999799728394,20.397499084472656,0.049844998866319656
357.22377705,-30.99059487,20.79990005493164,0.05175799876451492,19.647199630737305,0.02224699966609478,19.234699249267578,0.029418999329209328
357.22223714,-30.98322224,21.368999481201172,0.2056400030851364,20.745800018310547,0.021971000358462334,20.13479995727539,0.054322998970746994
357.2159271,-30.97898341,21.178199768066406,0.09528700262308121,20.8085994720459,0.05902700126171112,19.654499053955078,0.021309999749064445
356.63662956,-31.06089496,19.465999603271484,0.006744000129401684,19.665599822998047,0.03238299861550331,19.861000061035156,0.06066000089049339
356.67819542,-31.07027581,19.956199645996094,0.07227200269699097,20.18549919128418,0.006384999956935644,19.98240089416504,0.0055959997698664665
357.33933125,-30.8121307,20.56279945373535,0.061918001621961594,20.48699951171875,0.039344001561403275,20.586599349975586,0.024210000410676003
357.34024732,-30.80676473,20.599000930786133,0.08496999740600586,20.064699172973633,0.027117999270558357,19.85770034790039,0.043699000030756
357.3177241,-30.78936784,21.766300201416016,0.17697499692440033,21.016000747680664,0.048163000494241714,20.976499557495117,0.16247999668121338
357.3131884,-30.79346481,19.00830078125,0.010823000222444534,17.545000076293945,0.006502999924123287,16.899900436401367,0.005878000054508448
357.32189836,-30.79888508,21.604299545288086,0.19827699661254883,20.663299560546875,0.034786999225616455,20.427600860595703,0.04812299832701683
357.32544897,-30.8126655,21.249799728393555,0.1674630045890808,20.7460994720459,0.06972900032997131,20.551000595092773,0.02104399912059307
357.31726274,-30.80501356,21.464399337768555,0.003092000028118491,19.808900833129883,0.029763000085949898,19.091100692749023,0.015714000910520554
357.06485191,-31.30226393,20.618600845336914,0.2585409879684448,20.965200424194336,0.05989399924874306,20.661699295043945,0.18874399363994598
356.91017981,-31.18413011,20.850200653076172,0.009530999697744846,20.533899307250977,0.04370899870991707,20.396699905395508,0.09900999814271927
356.91208435,-31.19456496,20.69770050048828,0.2337460070848465,20.535999298095703,0.04498299956321716,20.41670036315918,0.06417900323867798
356.91217833,-31.19476908,20.63520050048828,0.1188490018248558,20.427400588989258,0.04849199950695038,19.951099395751953,0.14234399795532227
357.02186363,-30.51917217,19.880399703979492,0.02330699935555458,18.506799697875977,0.003664999967440963,17.88559913635254,0.011653999797999859
357.02194293,-30.52013582,20.98859977722168,0.04403800144791603,20.745899200439453,0.03365100175142288,20.658899307250977,0.11979900300502777
357.03376426,-30.46111274,21.21619987487793,0.08918199688196182,20.722400665283203,0.02621000073850155,20.48509979248047,0.0824510008096695
357.03479209,-30.46476631,20.703500747680664,0.05270500108599663,20.52120018005371,0.03744100034236908,20.462400436401367,0.06410200148820877
357.0317747,-30.46283924,18.909799575805664,0.025510000064969063,18.021900177001953,0.006771000102162361,17.6343994140625,0.0100509999319911
357.03688901,-30.47784194,21.05620002746582,0.14000900089740753,20.57819938659668,0.041802000254392624,20.38279914855957,0.023267999291419983
357.03158777,-30.46693236,19.542699813842773,0.0014430000446736813,18.976499557495117,0.02686000056564808,18.86520004272461,0.028681999072432518
357.03352854,-30.47017842,15.178099632263184,0.0005629999795928597,14.408599853515625,0.0019340000580996275,14.069299697875977,0.00599699979647994
357.02930993,-30.46898736,19.031700134277344,0.027897000312805176,18.401500701904297,0.013643000274896622,18.24139976501465,0.027591999620199203
356.99269052,-30.46682927,19.30139923095703,0.013264999724924564,18.680099487304688,0.008995000272989273,18.46579933166504,0.03577600046992302
357.2820548,-30.49063983,21.02739906311035,0.07744599878787994,20.500900268554688,0.0902319997549057,20.599199295043945,0.03846399858593941
357.27630073,-30.47753064,15.330300331115723,0.0042420001700520515,15.242199897766113,0.002753000007942319,15.245599746704102,0.0024319998919963837
357.27749539,-30.48170253,20.927099227905273,0.12184099853038788,20.487300872802734,0.05612200126051903,20.61840057373047,0.05516200140118599
357.27054211,-30.47887776,20.24570083618164,0.021548999473452568,19.538799285888672,0.019307000562548637,19.21660041809082,0.0184480007737875
357.46707398,-31.15949546,21.32539939880371,0.14684000611305237,20.245500564575195,0.01091499999165535,19.465099334716797,0.07297199964523315
357.45872016,-31.17249292,20.905899047851562,0.06837599724531174,19.441600799560547,0.019829999655485153,18.857099533081055,0.07153599709272385
357.46805815,-31.1736671,20.767200469970703,0.14903900027275085,20.7322998046875,0.043898001313209534,20.550800323486328,0.05487800016999245
357.5582016,-31.18214062,19.50779914855957,0.04464099928736687,19.43000030517578,0.021456999704241753,19.1343994140625,0.06264399737119675
356.92496844,-30.98029504,21.270299911499023,0.04725499823689461,20.805999755859375,0.04168200120329857,20.437400817871094,0.049807000905275345
356.99950716,-30.97755747,21.475299835205078,0.02728700079023838,20.92970085144043,0.16913099586963654,19.997900009155273,0.18066099286079407
356.75423283,-31.10702545,19.41029930114746,0.0333000011742115,19.144399642944336,0.017597999423742294,18.958200454711914,0.07757300138473511
356.75734134,-31.10700687,20.42609977722168,0.014952999539673328,19.748699188232422,0.014119000174105167,19.249900817871094,0.11962399631738663
356.6291255,-30.76140811,13.788599967956543,0.018373999744653702,13.673800468444824,0.00026699999580159783,13.660499572753906,0.007253000047057867
356.59189924,-30.74222982,21.862499237060547,0.19474199414253235,21.10569953918457,0.0883449986577034,20.052099227905273,0.05016399919986725
356.59960487,-30.74108118,21.654800415039062,0.17996299266815186,20.968599319458008,0.03202899917960167,20.664499282836914,0.0361500009894371
356.60897474,-30.75250192,21.54199981689453,0.14949800074100494,20.943899154663086,0.04264700040221214,20.729400634765625,0.04092299938201904
356.59865844,-30.74621018,21.431299209594727,0.151978000998497,20.69860076904297,0.029416000470519066,20.66860008239746,0.018326999619603157
356.60689362,-30.76725743,21.652099609375,0.1534619927406311,21.065900802612305,0.09336099773645401,20.80109977722168,0.20166100561618805
356.60051795,-30.73740276,19.11669921875,0.04143400117754936,18.90369987487793,0.008713999763131142,18.858299255371094,0.0058189998380839825
356.61492937,-30.73665179,19.792299270629883,0.030136000365018845,19.416200637817383,0.017028000205755234,19.239500045776367,0.009976999834179878
356.61047179,-30.74010446,20.01300048828125,0.04537799954414368,19.527999877929688,0.026285000145435333,19.302200317382812,0.047263000160455704
356.64037582,-30.75595775,21.427499771118164,0.0315530002117157,21.071699142456055,0.09260399639606476,20.65180015563965,0.03918899968266487
356.68091303,-30.94488685,20.53219985961914,0.23744100332260132,20.44059944152832,0.030453000217676163,20.265899658203125,0.1193929985165596
356.64834566,-30.94675964,19.881999969482422,0.0,19.87380027770996,0.01747800037264824,19.742900848388672,0.06275500357151031
356.65852579,-30.94909845,19.43320083618164,0.025968000292778015,19.23110008239746,0.019771000370383263,19.184099197387695,0.14302599430084229
356.67386218,-30.96394166,20.547000885009766,0.1186159998178482,19.96179962158203,0.03931799903512001,19.826000213623047,0.037748001515865326
357.29273276,-30.68686003,21.761699676513672,0.04179999977350235,20.396699905395508,0.026079000905156136,20.000499725341797,0.045090001076459885
357.28391164,-30.68046143,20.388399124145508,0.11202199757099152,19.939699172973633,0.000455000001238659,19.803199768066406,0.015629999339580536
357.27976976,-30.6776799,21.60580062866211,0.12496700137853622,20.945499420166016,0.031794000416994095,20.640600204467773,0.012354999780654907
357.18195554,-31.25300876,20.795400619506836,0.14521999657154083,20.741199493408203,0.025793999433517456,20.001699447631836,0.1755490005016327
357.1923832,-31.25202295,19.618799209594727,0.031032999977469444,19.38800048828125,0.011235999874770641,18.907899856567383,0.084648996591568
357.20521988,-31.2510592,19.37700080871582,0.03965400159358978,19.135499954223633,0.017983000725507736,18.672800064086914,0.024625999853014946
357.19926925,-31.25144929,19.39109992980957,0.01126800011843443,18.9468994140625,0.014684000052511692,18.46470069885254,0.05231799930334091
357.20158274,-31.25757099,19.99449920654297,0.0247150007635355,19.84779930114746,0.02583800069987774,19.58810043334961,0.025534000247716904
356.92600966,-31.04093723,18.51219940185547,0.002372999908402562,18.03529930114746,0.003708000062033534,17.838300704956055,0.015080999583005905
356.91615467,-31.03304012,21.4197998046875,0.023672999814152718,20.954299926757812,0.04303799942135811,20.728700637817383,0.18161100149154663
356.95899937,-31.03525514,21.59589958190918,0.16074499487876892,20.898700714111328,0.06144300103187561,20.56399917602539,0.02501000091433525
356.9598057,-31.03644568,18.969600677490234,0.0010809999657794833,18.91010093688965,0.01117200031876564,18.92609977722168,0.057440001517534256
356.95081275,-31.03614897,19.73419952392578,0.08061300218105316,20.005599975585938,0.01838199980556965,20.39109992980957,0.008826999925076962
356.98649333,-30.63226798,19.294099807739258,0.0032599999103695154,19.807199478149414,0.038871001452207565,19.968000411987305,0.03516700118780136
356.99726793,-30.62197274,20.64859962463379,0.026314999908208847,20.162200927734375,0.03321800008416176,19.90690040588379,0.039632998406887054
356.99633222,-30.6278795,19.494300842285156,0.00875299982726574,18.495899200439453,0.00506900018081069,18.04509925842285,0.003969999961555004
356.92919074,-30.57478696,21.344200134277344,0.07785599678754807,21.41629981994629,0.1756329983472824,20.974199295043945,0.17842000722885132
356.93990627,-30.60030458,21.184600830078125,0.20565399527549744,21.16699981689453,0.024010999128222466,20.832300186157227,0.1266150027513504
357.62685783,-30.723173,21.548500061035156,0.1873530000448227,21.088499069213867,0.026095999404788017,20.78230094909668,0.10010799765586853
357.62944925,-30.71173133,20.590900421142578,0.05572500079870224,20.491500854492188,0.04211900010704994,20.261999130249023,0.16871100664138794
356.72928392,-31.10191887,20.97089958190918,0.03318300098180771,20.505699157714844,0.02116899937391281,20.277099609375,0.08614800125360489
356.71615537,-31.1053704,21.131799697875977,0.11340200155973434,20.911100387573242,0.08822400122880936,20.467300415039062,0.15687699615955353
356.70120899,-31.08450585,21.181299209594727,0.09637899696826935,19.787799835205078,0.017792999744415283,19.05470085144043,0.04921400174498558
356.70833869,-31.10872894,20.596500396728516,0.0025549998972564936,19.024599075317383,0.014135000295937061,18.284099578857422,0.01115300040692091
356.71226413,-31.10269495,19.934799194335938,0.06102300062775612,19.535499572753906,0.021757999435067177,19.383800506591797,0.257192999124527
356.70540166,-31.10177244,20.948999404907227,0.10305000096559525,20.909900665283203,0.06503400206565857,20.5935001373291,0.06393499672412872
356.70452539,-31.0966828,20.627599716186523,0.01873599924147129,20.478599548339844,0.03825199976563454,20.556299209594727,0.3699190020561218
356.61430908,-30.72510365,21.526100158691406,0.032954998314380646,21.072500228881836,0.07588899880647659,20.84869956970215,0.16249500215053558
356.60125013,-30.712042,20.309200286865234,0.03450100123882294,20.472400665283203,0.20440100133419037,20.072200775146484,0.14952600002288818
356.60089872,-30.71453833,20.731199264526367,0.025249000638723373,20.2406005859375,0.05973700061440468,19.811199188232422,0.006463999859988689
356.61341178,-30.71669472,18.72170066833496,0.026249000802636147,18.652299880981445,0.0094200000166893,18.673599243164062,0.10043100267648697
356.58992709,-30.7735679,21.103200912475586,0.02422500029206276,20.820600509643555,0.04272500053048134,20.792400360107422,0.1766970008611679
356.59051408,-30.77531502,21.312700271606445,0.07992400228977203,19.971599578857422,0.021587999537587166,19.27790069580078,0.029882000759243965
356.60742356,-30.77137018,16.71940040588379,0.01857299916446209,16.535999298095703,0.004406999796628952,16.51219940185547,0.01488099992275238
356.58977376,-30.76466614,21.802900314331055,0.17792700231075287,20.712099075317383,0.021119000390172005,20.338300704956055,0.05429299920797348
356.59091853,-30.76023184,21.696399688720703,0.1602959930896759,21.143400192260742,0.2666409909725189,20.559799194335938,0.044502999633550644
356.62615478,-30.76063565,21.304100036621094,0.02054399996995926,20.876300811767578,0.0703440010547638,20.464500427246094,0.24814699590206146
356.65461271,-30.99523314,20.57159996032715,0.05022500082850456,20.743799209594727,0.03808100149035454,20.59980010986328,0.08169399946928024
356.68870218,-30.95104065,20.976999282836914,0.04228999838232994,20.65239906311035,0.04075299948453903,20.356199264526367,0.13933099806308746
357.31101613,-30.72371806,21.718000411987305,0.1658339947462082,20.942100524902344,0.16852900385856628,20.927200317382812,0.17307700216770172
357.35698417,-30.72453202,21.68589973449707,0.16891400516033173,21.396099090576172,0.1620270013809204,20.936599731445312,0.18654599785804749
357.22629645,-31.25820501,18.637100219726562,0.01546700019389391,17.194799423217773,0.0038530000019818544,16.50819969177246,0.014832999557256699
357.23351397,-31.25108796,21.211299896240234,0.132315993309021,20.57990074157715,0.04229599982500076,19.903799057006836,0.02995399944484234
357.22929674,-31.25014648,19.91790008544922,0.049272000789642334,19.97209930419922,0.014310999773442745,20.017499923706055,0.03886000066995621
357.22394326,-31.24407564,20.707599639892578,0.12426900118589401,20.997699737548828,0.032710000872612,20.56839942932129,0.17430800199508667
357.21213448,-31.23665911,17.420400619506836,0.024027999490499496,17.359399795532227,0.003046999918296933,17.42289924621582,0.007422000169754028
357.18042521,-31.24664848,20.001399993896484,0.06640399992465973,20.191299438476562,0.03032599948346615,19.68429946899414,0.06091399863362312
357.18594377,-31.25072797,20.925800323486328,0.1567090004682541,19.83209991455078,0.020871000364422798,19.297100067138672,0.07569500058889389
357.20131604,-31.24904025,18.61709976196289,0.03632599860429764,18.592300415039062,0.027553999796509743,17.894800186157227,0.041053999215364456
357.19844815,-31.25012771,20.69700050354004,0.13735799491405487,20.456199645996094,0.03666599839925766,19.765300750732422,0.12431000173091888
357.19430307,-31.248869,20.05430030822754,0.09083499759435654,19.968700408935547,0.03737499937415123,19.408100128173828,0.16167999804019928
357.19018726,-31.24651721,20.153600692749023,0.1114329993724823,19.98310089111328,0.026110000908374786,19.55500030517578,0.07429999858140945
357.1905592,-31.24297211,18.6564998626709,0.029316000640392303,18.23579978942871,0.005042000208050013,18.030099868774414,1.8000000636675395e-05
357.19025983,-31.2722207,17.240299224853516,0.007809999864548445,16.055500030517578,0.002839999971911311,15.519800186157227,0.003728999989107251
356.98922552,-30.60756719,20.29990005493164,0.003971999976783991,20.266300201416016,0.04684700071811676,20.46940040588379,0.11059899628162384
356.97924006,-30.61716628,21.064199447631836,0.08660700172185898,20.949600219726562,0.06871899962425232,21.091800689697266,0.19575700163841248
357.00044893,-30.61647831,20.411399841308594,0.012238999828696251,19.953899383544922,0.05399300158023834,19.67180061340332,0.026134999468922615
356.99099463,-30.61668698,20.885000228881836,0.07388299703598022,20.09760093688965,0.016019999980926514,19.830699920654297,0.05656500160694122
356.98433327,-30.63651594,20.39389991760254,0.07210899889469147,18.90180015563965,0.02293900027871132,18.21470069885254,0.011103999800980091
356.98229723,-30.63192384,21.250200271606445,0.12744000554084778,20.765100479125977,0.0433179996907711,20.45669937133789,0.06805200129747391
357.60774929,-30.67301455,19.343299865722656,0.007197999861091375,19.52429962158203,0.0177839994430542,19.597999572753906,0.052299000322818756
357.59655935,-30.68433721,17.666000366210938,0.13203200697898865,17.513500213623047,0.011153999716043472,17.332399368286133,0.04461300000548363
357.62595415,-30.6955644,20.01609992980957,0.1142439991235733,19.748600006103516,0.02021699957549572,19.65730094909668,0.058049000799655914
357.6292297,-30.70762029,20.056299209594727,0.018300000578165054,19.950599670410156,0.02246900089085102,19.93560028076172,0.04242800176143646
357.63253344,-30.70090212,20.01449966430664,0.006742999888956547,19.352800369262695,0.030551999807357788,19.23859977722168,0.06810799986124039
357.62811249,-30.69972011,19.422100067138672,0.0534369982779026,18.929800033569336,0.022616999223828316,18.73539924621582,0.045726001262664795
357.58458007,-30.70051637,21.194499969482422,0.2505689859390259,20.777299880981445,0.060074999928474426,20.22760009765625,0.023622000589966774
357.59150166,-30.70501662,20.62820053100586,0.004418000113219023,20.363800048828125,0.06280700117349625,20.184600830078125,0.0485679991543293
357.60709572,-30.70174202,21.36009979248047,0.2506150007247925,20.955799102783203,0.08569300174713135,20.671100616455078,0.12103000283241272
357.60664303,-30.70069522,21.278400421142578,0.05564599856734276,20.202600479125977,0.036274999380111694,19.601200103759766,0.005876000039279461
357.54415466,-30.96128933,21.235000610351562,0.06664499640464783,20.645700454711914,0.05525200068950653,20.784900665283203,0.02596599981188774
357.53281334,-30.95496617,21.08919906616211,0.17273400723934174,20.446399688720703,0.047217000275850296,20.31209945678711,0.11456900089979172
357.54159031,-30.95360447,20.589599609375,0.12503600120544434,20.825899124145508,0.09781499952077866,20.667800903320312,0.0028800000436604023
357.55426784,-31.00423477,21.711299896240234,0.16986499726772308,21.083499908447266,0.07813800126314163,20.88559913635254,0.1897599995136261
357.52693433,-30.97870073,21.811599731445312,0.0944880023598671,21.11039924621582,0.035158999264240265,20.837099075317383,0.1804250031709671
357.52066481,-30.9897467,21.408000946044922,0.026545999571681023,21.032800674438477,0.0557279996573925,21.172100067138672,0.20245100557804108
357.53502695,-30.98856047,21.68670082092285,0.05660500004887581,20.895000457763672,0.08771800249814987,20.144699096679688,0.06755000352859497
357.52268764,-31.00825638,17.9424991607666,0.008009999990463257,17.60070037841797,0.004286999814212322,17.458799362182617,0.010114000178873539
357.05328142,-30.7741684,20.097200393676758,0.02133299969136715,19.959400177001953,0.02843400090932846,20.04990005493164,0.026590000838041306
357.08075445,-30.79105284,21.384300231933594,0.11925400048494339,21.067100524902344,0.07034999877214432,20.634700775146484,0.008093999698758125
356.69870451,-31.10669183,20.587900161743164,0.1638229936361313,20.00510025024414,0.013907000422477722,19.642900466918945,0.08145099878311157
357.59055667,-30.7652535,20.36639976501465,0.012112000025808811,20.294599533081055,0.016496999189257622,20.17340087890625,0.04184100031852722
357.58601218,-30.76681375,21.29829978942871,0.04941999912261963,19.672700881958008,0.024669000878930092,18.797199249267578,0.012397999875247478
357.59234396,-30.77004772,15.328300476074219,0.0021150000393390656,14.527600288391113,0.0022730000782757998,14.190299987792969,0.0032550001051276922
357.59933112,-30.825894,21.264799118041992,0.16620899736881256,20.873699188232422,0.06599900126457214,20.805400848388672,0.06885500252246857
356.6669004,-30.76064683,20.13479995727539,0.19756999611854553,20.19809913635254,0.026202000677585602,20.30419921875,0.029642999172210693
356.66508873,-30.75596992,20.291200637817383,0.03217799961566925,19.151599884033203,0.0114139998331666,18.697999954223633,0.024601999670267105
356.61329747,-30.70566089,17.20359992980957,0.01329100038856268,17.003599166870117,0.0038920000661164522,16.934099197387695,0.016335999593138695
356.70754522,-30.72161127,20.499900817871094,0.0265050008893013,20.551799774169922,0.039760999381542206,20.428600311279297,0.06818599998950958
356.71374688,-30.72486487,18.497800827026367,0.015584000386297703,17.17569923400879,0.004120000172406435,16.56800079345703,0.007499000057578087
356.73235648,-30.73168447,18.9060001373291,0.004838000051677227,18.4375,0.013031000271439552,18.262699127197266,0.033268000930547714
356.93948246,-31.18404045,20.938899993896484,0.18913200497627258,20.63010025024414,0.026494000107049942,20.261699676513672,0.00048099999548867345
356.99114215,-31.23499612,14.339300155639648,0.01007699966430664,14.2076997756958,0.0021069999784231186,14.2121000289917,0.0018319999799132347
357.14012615,-30.47661163,21.395000457763672,0.1338759958744049,21.04759979248047,0.0409029982984066,20.837499618530273,0.06574399769306183
357.31557617,-30.70343316,20.444400787353516,0.0,20.76059913635254,0.030006999149918556,20.430700302124023,0.021198999136686325
357.31265138,-30.72944237,21.820899963378906,0.0027089999057352543,21.15369987487793,0.05634799972176552,21.09630012512207,0.09809000045061111
357.3102891,-30.71565651,21.84779930114746,0.1482360064983368,21.125900268554688,0.08828499913215637,20.616199493408203,0.09553900361061096
357.30565945,-30.7137573,18.3656005859375,0.007410000078380108,18.236099243164062,0.005752000026404858,18.231599807739258,0.010654999874532223
356.9447068,-30.65114069,21.635799407958984,0.03426799923181534,21.071199417114258,0.028690999373793602,20.520200729370117,0.17022399604320526
356.97161224,-30.68281366,19.16900062561035,0.02095399983227253,18.822399139404297,0.010087000206112862,18.637399673461914,0.012055999599397182
357.23955724,-30.41759241,21.53849983215332,0.08386500179767609,20.64109992980957,0.1144770011305809,20.58679962158203,0.13268600404262543
357.23946597,-30.41752573,21.181100845336914,0.08425399661064148,21.01799964904785,0.11516699939966202,20.593599319458008,0.006194000132381916
357.22827306,-31.2895078,19.732099533081055,0.050574999302625656,19.601699829101562,0.01973400078713894,19.4606990814209,0.07094799727201462
357.22136389,-31.2841316,18.0674991607666,0.034356001764535904,17.97599983215332,0.028870999813079834,17.770200729370117,0.062139999121427536
357.22405149,-31.29082569,18.587400436401367,0.020850999280810356,18.251800537109375,0.003984000068157911,18.08049964904785,0.03854399919509888
357.21902077,-31.2884458,19.44540023803711,0.04141699895262718,19.60460090637207,0.02690500020980835,19.605899810791016,0.08807799965143204
357.23287433,-31.24212512,19.829599380493164,0.05465000122785568,19.45949935913086,0.012284000404179096,19.178199768066406,0.08692800253629684
357.18907626,-31.23560153,21.06999969482422,0.00803999975323677,21.048099517822266,0.04454600065946579,20.518600463867188,0.16179800033569336
357.18896666,-31.23275947,17.284500122070312,0.008813999593257904,17.09000015258789,0.004091000184416771,17.03700065612793,0.0015239999629557133
357.19930767,-31.24138106,18.715700149536133,0.0391790010035038,17.75670051574707,0.0035840000491589308,17.333799362182617,0.01832200028002262
357.2233278,-31.25895281,20.882699966430664,0.21114200353622437,21.15089988708496,0.048250000923871994,20.695600509643555,0.18290400505065918
356.77708167,-30.64244977,17.2632999420166,0.003218000056222081,15.847999572753906,0.0032500000670552254,15.203900337219238,0.0017729999963194132
356.95703875,-30.64247857,21.522199630737305,0.16601799428462982,20.10300064086914,0.012132000178098679,19.149700164794922,0.016568999737501144
356.9615073,-30.6337324,21.674400329589844,0.011206000111997128,21.1387996673584,0.03903599828481674,20.813199996948242,0.13911999762058258
356.96240041,-30.63771775,19.961299896240234,0.017525000497698784,19.66900062561035,0.02397100068628788,19.54800033569336,0.05221499875187874
356.95904623,-30.63688756,18.757600784301758,0.003969999961555004,18.509599685668945,0.02386699989438057,18.41080093383789,0.00749099999666214
356.92420275,-30.6228686,20.210800170898438,0.002607000060379505,20.019399642944336,0.03187200054526329,20.00550079345703,0.04034300148487091
356.93480843,-30.62540326,21.649200439453125,0.1912280023097992,21.065200805664062,0.098642997443676,20.560300827026367,0.13244999945163727
356.93109686,-30.62458898,21.062299728393555,0.17667600512504578,20.539400100708008,0.011624000035226345,20.412900924682617,0.06175599992275238
356.94485642,-30.64203254,20.98550033569336,0.057753998786211014,20.838199615478516,0.04171999916434288,20.566999435424805,0.01907300017774105
356.94826053,-30.63556599,21.5802001953125,0.11516600102186203,21.2455997467041,0.04529299959540367,20.844999313354492,0.24810799956321716
357.58518559,-30.6697582,21.522300720214844,0.031727999448776245,21.1343994140625,0.05425199866294861,20.600900650024414,0.048902999609708786
357.5937034,-30.66792335,20.62150001525879,0.06998199969530106,20.694700241088867,0.034425001591444016,20.52869987487793,0.03278199955821037
357.58773367,-30.69610387,21.68630027770996,0.17156699299812317,20.679500579833984,0.10070399940013885,20.3572998046875,0.1916929930448532
357.58423094,-30.68133776,17.350400924682617,0.022825000807642937,17.250600814819336,0.003573999973013997,17.275299072265625,0.004569000098854303
357.58510366,-30.68860114,21.108299255371094,0.17814800143241882,21.223800659179688,0.10041899979114532,20.887300491333008,0.17358000576496124
357.6250439,-30.68788922,19.361799240112305,0.0062859999015927315,18.31599998474121,0.006692999973893166,17.855600357055664,0.013272999785840511
357.61003909,-30.68511189,20.901399612426758,0.042079001665115356,20.321199417114258,0.02895900048315525,20.156299591064453,0.047161001712083817
357.54109681,-30.96279899,20.983299255371094,0.11149100214242935,20.215299606323242,0.045621998608112335,20.2185001373291,0.06398800015449524
357.53278312,-30.96721302,13.421500205993652,0.0010000000474974513,12.897600173950195,0.0010000000474974513,12.641500473022461,0.0010000000474974513
357.54917262,-30.94872855,21.53660011291504,0.0813319981098175,20.87529945373535,0.022119000554084778,20.57159996032715,0.16566500067710876
357.54666399,-30.95257345,20.880699157714844,0.19896699488162994,20.72319984436035,0.03816499933600426,20.60460090637207,0.11338599771261215
357.55434931,-30.94982499,20.60219955444336,0.027129000052809715,19.85260009765625,0.02397100068628788,19.642900466918945,0.0829790011048317
357.55809976,-30.96376667,21.286100387573242,0.06464199721813202,20.768199920654297,0.08407200127840042,20.793399810791016,0.062449000775814056
357.5584693,-30.957507,21.397899627685547,0.036486998200416565,20.036300659179688,0.02669600024819374,19.432600021362305,0.01651100069284439
357.52915177,-30.94412208,21.285600662231445,0.08420299738645554,20.529199600219727,0.05530000105500221,20.1697998046875,0.08963900059461594
357.53777181,-30.93773329,21.15169906616211,0.14164400100708008,20.845500946044922,0.03642899915575981,20.46660041809082,0.11650200188159943
357.53439175,-30.94304056,15.615799903869629,0.0010209999745711684,15.307999610900879,0.002581000095233321,15.178299903869629,0.003897000104188919
356.93770849,-30.95464691,21.593000411987305,0.18455499410629272,20.47949981689453,0.024267999455332756,20.044099807739258,0.188291996717453
356.93333903,-30.95562819,21.17009925842285,0.10068800300359726,20.22879981994629,0.10626699775457382,20.032899856567383,0.10354399681091309
356.95765518,-30.97688327,21.283599853515625,0.18171800673007965,21.053499221801758,0.03696500137448311,21.000200271606445,0.1815910041332245
357.03982909,-30.76930283,21.596900939941406,0.12815499305725098,21.43720054626465,0.09244900196790695,20.995800018310547,0.19192500412464142
356.72387408,-31.11535894,21.546600341796875,0.026847999542951584,20.768400192260742,0.025817999616265297,19.929000854492188,0.16755500435829163
356.72753276,-31.12103319,20.44569969177246,0.06880900263786316,19.969100952148438,0.03291099891066551,19.473499298095703,0.03210299834609032
